{
  "RandomForestRegressor": {
    "MSE": 977254485.4003685,
    "RMSE": 31261.069805756302,
    "MAE": 26558.314586666667,
    "R2": -0.061255526764323776
  },
  "SVR": {
    "MSE": 923666748.0147419,
    "RMSE": 30391.886220087457,
    "MAE": 26055.83879857712,
    "R2": -0.0030615933345965463
  },
  "XGBRegressor": {
    "MSE": 1114968879.8338594,
    "RMSE": 33391.149723150585,
    "MAE": 27927.93329427083,
    "R2": -0.21080732150248593
  }
}