{
  "RandomForestRegressor": {
    "MSE": 7714.166376635345,
    "RMSE": 87.83032720328067,
    "MAE": 65.13282604255318,
    "R2": 0.2919268553908998
  },
  "SVR": {
    "MSE": 8045.10801700186,
    "RMSE": 89.69452612619044,
    "MAE": 64.80660298527765,
    "R2": 0.2615501592534981
  },
  "XGBRegressor": {
    "MSE": 8882.575728982927,
    "RMSE": 94.24741762500938,
    "MAE": 67.9247928313366,
    "R2": 0.1846801039060968
  }
}