{
  "RandomForestRegressor": {
    "MSE": 16142427373.092075,
    "RMSE": 127052.85267593198,
    "MAE": 88137.67421333333,
    "R2": 0.8539552067553603
  },
  "SVR": {
    "MSE": 112165209561.3872,
    "RMSE": 334910.748650125,
    "MAE": 265650.8098879937,
    "R2": -0.014788201366810583
  },
  "XGBRegressor": {
    "MSE": 18452390763.54194,
    "RMSE": 135839.57730919932,
    "MAE": 93299.15024153645,
    "R2": 0.8330563593909743
  }
}