{
  "RandomForestRegressor": {
    "MSE": 205.81314666666668,
    "RMSE": 14.34618927334596,
    "MAE": 12.135466666666664,
    "R2": -0.06675882677615941
  },
  "SVR": {
    "MSE": 192.79786807949492,
    "RMSE": 13.885167196670515,
    "MAE": 11.643402209374749,
    "R2": 0.000701214240087622
  },
  "XGBRegressor": {
    "MSE": 247.17108899667022,
    "RMSE": 15.721675769353286,
    "MAE": 13.076041796366374,
    "R2": -0.2811229271865445
  }
}